{
    "precision": 0.6845031266959672,
    "recall": 0.11571898494881121,
    "f1": 0.19796980582761878
}