{
    "precision": 0.6760015555519248,
    "recall": 0.26514111361325077,
    "f1": 0.3808893607121961
}