{
    "0": {
        "avg_prec": 0.7768595041322315,
        "precisions": [
            0.16161616161616163,
            0.16326530612244897,
            0.16494845360824742,
            0.16666666666666666,
            0.16842105263157894,
            0.1702127659574468,
            0.17204301075268819,
            0.17391304347826086,
            0.17582417582417584,
            0.17777777777777778,
            0.1797752808988764,
            0.18181818181818182,
            0.1839080459770115,
            0.18604651162790697,
            0.18823529411764706,
            0.19047619047619047,
            0.1927710843373494,
            0.1951219512195122,
            0.19753086419753085,
            0.2,
            0.20253164556962025,
            0.20512820512820512,
            0.2077922077922078,
            0.21052631578947367,
            0.21333333333333335,
            0.21621621621621623,
            0.2191780821917808,
            0.2222222222222222,
            0.22535211267605634,
            0.22857142857142856,
            0.2318840579710145,
            0.23529411764705882,
            0.23880597014925373,
            0.24242424242424243,
            0.24615384615384617,
            0.25,
            0.25396825396825395,
            0.25806451612903225,
            0.26229508196721313,
            0.26666666666666666,
            0.2711864406779661,
            0.27586206896551724,
            0.2807017543859649,
            0.2857142857142857,
            0.2909090909090909,
            0.2962962962962963,
            0.3018867924528302,
            0.3076923076923077,
            0.3137254901960784,
            0.32,
            0.32653061224489793,
            0.3333333333333333,
            0.3404255319148936,
            0.34782608695652173,
            0.35555555555555557,
            0.36363636363636365,
            0.37209302325581395,
            0.38095238095238093,
            0.3902439024390244,
            0.4,
            0.41025641025641024,
            0.42105263157894735,
            0.43243243243243246,
            0.4444444444444444,
            0.42857142857142855,
            0.4411764705882353,
            0.45454545454545453,
            0.46875,
            0.4838709677419355,
            0.5,
            0.5172413793103449,
            0.5,
            0.5185185185185185,
            0.5384615384615384,
            0.56,
            0.5416666666666666,
            0.5652173913043478,
            0.5454545454545454,
            0.5238095238095238,
            0.5,
            0.5263157894736842,
            0.5,
            0.5294117647058824,
            0.5,
            0.5333333333333333,
            0.5714285714285714,
            0.5384615384615384,
            0.5833333333333334,
            0.6363636363636364,
            0.6,
            0.5555555555555556,
            0.5,
            0.5714285714285714,
            0.5,
            0.6,
            0.5,
            0.6666666666666666,
            0.5,
            1.0
        ],
        "recalls": [
            5.333333333333333,
            5.333333333333333,
            5.333333333333333,
            5.333333333333333,
            5.333333333333333,
            5.333333333333333,
            5.333333333333333,
            5.333333333333333,
            5.333333333333333,
            5.333333333333333,
            5.333333333333333,
            5.333333333333333,
            5.333333333333333,
            5.333333333333333,
            5.333333333333333,
            5.333333333333333,
            5.333333333333333,
            5.333333333333333,
            5.333333333333333,
            5.333333333333333,
            5.333333333333333,
            5.333333333333333,
            5.333333333333333,
            5.333333333333333,
            5.333333333333333,
            5.333333333333333,
            5.333333333333333,
            5.333333333333333,
            5.333333333333333,
            5.333333333333333,
            5.333333333333333,
            5.333333333333333,
            5.333333333333333,
            5.333333333333333,
            5.333333333333333,
            5.333333333333333,
            5.333333333333333,
            5.333333333333333,
            5.333333333333333,
            5.333333333333333,
            5.333333333333333,
            5.333333333333333,
            5.333333333333333,
            5.333333333333333,
            5.333333333333333,
            5.333333333333333,
            5.333333333333333,
            5.333333333333333,
            5.333333333333333,
            5.333333333333333,
            5.333333333333333,
            5.333333333333333,
            5.333333333333333,
            5.333333333333333,
            5.333333333333333,
            5.333333333333333,
            5.333333333333333,
            5.333333333333333,
            5.333333333333333,
            5.333333333333333,
            5.333333333333333,
            5.333333333333333,
            5.333333333333333,
            5.333333333333333,
            5.0,
            5.0,
            5.0,
            5.0,
            5.0,
            5.0,
            5.0,
            4.666666666666667,
            4.666666666666667,
            4.666666666666667,
            4.666666666666667,
            4.333333333333333,
            4.333333333333333,
            4.0,
            3.6666666666666665,
            3.3333333333333335,
            3.3333333333333335,
            3.0,
            3.0,
            2.6666666666666665,
            2.6666666666666665,
            2.6666666666666665,
            2.3333333333333335,
            2.3333333333333335,
            2.3333333333333335,
            2.0,
            1.6666666666666667,
            1.3333333333333333,
            1.3333333333333333,
            1.0,
            1.0,
            0.6666666666666666,
            0.6666666666666666,
            0.3333333333333333,
            0.3333333333333333
        ],