{
    "average": {
        "R@20": 0.415241210930038,
        "R@50": 0.43976047735311696,
        "R@100": 0.440916282075326
    },
    "on": {
        "R@20": 0.819041804622199,
        "R@50": 0.8535964618906224,
        "R@100": 0.8590183473637655
    },
    "attached to": {
        "R@20": 0.5009663800670255,
        "R@50": 0.5129975695263045,
        "R@100": 0.5130621802795816
    },
    "on right side of": {
        "R@20": 0.9591470723357693,
        "R@50": 0.9641010455136446,
        "R@100": 0.9658631785348606
    },
    "parking on": {
        "R@20": 0.022655216505636094,
        "R@50": 0.02276358798573042,
        "R@100": 0.02276358798573042
    },
    "on left side of": {
        "R@20": 0.9941269717223019,
        "R@50": 0.9941269717223019,
        "R@100": 0.9941269717223019
    },
    "same road line as": {
        "R@20": 0.23795328095604734,
        "R@50": 0.30375345536384313,
        "R@100": 0.3140029395324379
    },
    "on right lane of": {
        "R@20": 0.07243660274819864,
        "R@50": 0.08965580482026445,
        "R@100": 0.08965580482026445
    },
    "on opposing side of": {
        "R@20": 0.7005243966087784,
        "R@50": 0.7350752728322743,
        "R@100": 0.7354772156695586
    },
    "on left lane of": {
        "R@20": 0.020728602530898036,
        "R@50": 0.020728602530898036,
        "R@100": 0.020728602530898036
    },
    "driving from right to left": {
        "R@20": 0.4800355974533211,
        "R@50": 0.5980472881011323,
        "R@100": 0.6009517168473795
    },
    "driving from left to right": {
        "R@20": 0.893954807120258,
        "R@50": 0.9101370309674587,
        "R@100": 0.9101370309674587
    },
    "on middle lane of": {
        "R@20": 0.0,
        "R@50": 0.0,
        "R@100": 0.0
    },
    "infront of": {
        "R@20": 0.620773521015978,
        "R@50": 0.6843715444026672,
        "R@100": 0.6843715444026672
    },
    "behind": {
        "R@20": 0.15199754305427365,
        "R@50": 0.2263339566989635,
        "R@100": 0.2263339566989635
    },
    "riding": {
        "R@20": 0.0,
        "R@50": 0.0,
        "R@100": 0.0
    },
    "turning right on": {
        "R@20": 0.0,
        "R@50": 0.0,
        "R@100": 0.0
    },
    "turning left on": {
        "R@20": 1.0,
        "R@50": 1.0,
        "R@100": 1.0
    },
    "is hitting": {
        "R@20": 0.0,
        "R@50": 0.0,
        "R@100": 0.0
    }
}