{
    "average": {
        "R@20": 0.631893729821894,
        "R@50": 0.6889724662448347,
        "R@100": 0.696445286734666
    },
    "on": {
        "R@20": 0.5187730137233288,
        "R@50": 0.6174326266508945,
        "R@100": 0.6638892000517405
    },
    "attached to": {
        "R@20": 0.33063037683804947,
        "R@50": 0.34826750530624107,
        "R@100": 0.3502262951378425
    },
    "on right side of": {
        "R@20": 0.9812508970187269,
        "R@50": 0.9969530898827735,
        "R@100": 0.9977631201234688
    },
    "parking on": {
        "R@20": 1.0,
        "R@50": 1.0,
        "R@100": 1.0
    },
    "on left side of": {
        "R@20": 0.9839394523653083,
        "R@50": 0.9913054736579635,
        "R@100": 0.9913054736579635
    },
    "same road line as": {
        "R@20": 0.21203993374066352,
        "R@50": 0.46333826224986313,
        "R@100": 0.4744525087162657
    },
    "on right lane of": {
        "R@20": 0.3806117698097085,
        "R@50": 0.6662319863385913,
        "R@100": 0.6662319863385913
    },
    "on opposing side of": {
        "R@20": 0.7396758898320505,
        "R@50": 0.8347042596652791,
        "R@100": 0.883180702836508
    },
    "on left lane of": {
        "R@20": 0.8040366144110764,
        "R@50": 0.8055016484786243,
        "R@100": 0.8168298235755392
    },
    "driving from right to left": {
        "R@20": 0.8915106789141249,
        "R@50": 0.8941817501829567,
        "R@100": 0.895710580128749
    },
    "driving from left to right": {
        "R@20": 0.8715106789141249,
        "R@50": 0.8715106789141249,
        "R@100": 0.8715106789141249
    },
    "on middle lane of": {
        "R@20": 1.0,
        "R@50": 1.0,
        "R@100": 1.0
    },
    "infront of": {
        "R@20": 0.8395154299531848,
        "R@50": 0.8395154299531848,
        "R@100": 0.8538819405624579
    },
    "behind": {
        "R@20": 0.9662111147210477,
        "R@50": 0.9662111147210477,
        "R@100": 0.9662111147210477
    },
    "riding": {
        "R@20": 0.4063421846645774,
        "R@50": 0.50893877540664,
        "R@100": 0.50893877540664
    },
    "turning right on": {
        "R@20": 0.0,
        "R@50": 0.0,
        "R@100": 0.0
    },
    "turning left on": {
        "R@20": 0.33954978080224407,
        "R@50": 0.33954978080224407,
        "R@100": 0.33954978080224407
    },
    "is hitting": {
        "R@20": 1.0,
        "R@50": 1.0,
        "R@100": 1.0
    }
}