{
    "all_classes": {
        "R@20": 0.27982665673122464,
        "R@50": 0.29839397649420313,
        "R@100": 0.3048422233213659
    },
    "on": {
        "R@20": 0.0,
        "R@50": 0.0,
        "R@100": 0.0
    },
    "attached to": {
        "R@20": 0.2814724593615094,
        "R@50": 0.3243682340232392,
        "R@100": 0.3339086811349742
    },
    "on right side of": {
        "R@20": 0.9785071724297865,
        "R@50": 0.9785071724297865,
        "R@100": 0.9790512180403423
    },
    "parking on": {
        "R@20": 0.9691640457317656,
        "R@50": 0.9845820228658829,
        "R@100": 0.9845820228658829
    },
    "on left side of": {
        "R@20": 1.0,
        "R@50": 1.0,
        "R@100": 1.0
    },
    "same road line as": {
        "R@20": 0.007952654958817416,
        "R@50": 0.167512270387135,
        "R@100": 0.27060075599987743
    },
    "on right lane of": {
        "R@20": 0.17105622798009124,
        "R@50": 0.26992007752141706,
        "R@100": 0.5380933131039983
    },
    "on opposing side of": {
        "R@20": 0.8583978673253789,
        "R@50": 0.8982292612970746,
        "R@100": 0.8982292612970746
    },
    "on left lane of": {
        "R@20": 0.9382006673533513,
        "R@50": 0.9382006673533513,
        "R@100": 0.9382006673533513
    },
    "driving from right to left": {
        "R@20": 0.5952028760577793,
        "R@50": 0.656261172338863,
        "R@100": 0.6660602240405953
    },
    "driving from left to right": {
        "R@20": 0.6585583681327871,
        "R@50": 0.9782941190496195,
        "R@100": 0.9782941190496195
    },
    "on middle lane of": {
        "R@20": NaN,
        "R@50": NaN,
        "R@100": NaN
    },
    "infront of": {
        "R@20": 0.8953365031257228,
        "R@50": 0.8953365031257228,
        "R@100": 0.8953365031257228
    },
    "behind": {
        "R@20": NaN,
        "R@50": NaN,
        "R@100": NaN
    },
    "riding": {
        "R@20": 0.43573699133917443,
        "R@50": 0.4532150807295615,
        "R@100": 0.4532150807295615
    },
    "next to": {
        "R@20": NaN,
        "R@50": NaN,
        "R@100": NaN
    },
    "turning right on": {
        "R@20": 0.0,
        "R@50": 0.0,
        "R@100": 0.0
    },
    "driving on": {
        "R@20": NaN,
        "R@50": NaN,
        "R@100": NaN
    },
    "turning left on": {
        "R@20": 0.5704878793402244,
        "R@50": 0.5704878793402244,
        "R@100": 0.5704878793402244
    },
    "is hitting": {
        "R@20": NaN,
        "R@50": NaN,
        "R@100": NaN
    }
}