{
    "N/A": {
        "R@20": NaN,
        "R@50": NaN,
        "R@100": NaN
    },
    "on": {
        "R@20": 0.8759784822624413,
        "R@50": 0.9132655912008457,
        "R@100": 0.9235676941086263
    },
    "attached to": {
        "R@20": 0.6069605132548416,
        "R@50": 0.6192242918620537,
        "R@100": 0.6225120179232441
    },
    "on right side of": {
        "R@20": 0.9641684715959038,
        "R@50": 0.9698734534013033,
        "R@100": 0.9698734534013033
    },
    "parking on": {
        "R@20": 0.11382946337524792,
        "R@50": 0.13742247240121286,
        "R@100": 0.13868691286122262
    },
    "on left side of": {
        "R@20": 0.8855731441682064,
        "R@50": 0.8855731441682064,
        "R@100": 0.8855731441682064
    },
    "same road line as": {
        "R@20": 0.3649296976891248,
        "R@50": 0.6308966941606986,
        "R@100": 0.6522882481194412
    },
    "on right lane of": {
        "R@20": 0.3357495630465396,
        "R@50": 0.3408519345204214,
        "R@100": 0.3408519345204214
    },
    "on opposing side of": {
        "R@20": 0.8551360061233106,
        "R@50": 0.9645475878460344,
        "R@100": 0.9645475878460344
    },
    "on left lane of": {
        "R@20": 0.7657938435772064,
        "R@50": 0.7744195624314563,
        "R@100": 0.7744195624314563
    },
    "driving from right to left": {
        "R@20": 0.24629879914844005,
        "R@50": 0.2581479946145277,
        "R@100": 0.2593248114943783
    },
    "driving from left to right": {
        "R@20": 0.9120371773983174,
        "R@50": 0.9159277931294992,
        "R@100": 0.9159277931294992
    },
    "on middle lane of": {
        "R@20": NaN,
        "R@50": NaN,
        "R@100": NaN
    },
    "infront of": {
        "R@20": 0.7778738774693289,
        "R@50": 0.9040732511811399,
        "R@100": 0.9040732511811399
    },
    "behind": {
        "R@20": 0.08762856147211767,
        "R@50": 0.17639101405537505,
        "R@100": 0.17639101405537505
    },
    "riding": {
        "R@20": 0.0,
        "R@50": 0.0,
        "R@100": 0.0
    },
    "next to": {
        "R@20": NaN,
        "R@50": NaN,
        "R@100": NaN
    },
    "turning right on": {
        "R@20": 0.0,
        "R@50": 0.0,
        "R@100": 0.0
    },
    "driving on": {
        "R@20": NaN,
        "R@50": NaN,
        "R@100": NaN
    },
    "turning left on": {
        "R@20": 1.0,
        "R@50": 1.0,
        "R@100": 1.0
    },
    "is hitting": {
        "R@20": 0.0,
        "R@50": 0.0,
        "R@100": 0.0
    }
}