{
     "average": {
        "R@20": 0.4234034850788413,
        "R@50": 0.42905368918155234,
        "R@100": 0.43002512821949657
    },
    "on": {
        "R@20": 0.440237047387831,
        "R@50": 0.4583086583462811,
        "R@100": 0.4618484064335975
    },
    "attached to": {
        "R@20": 0.2227127850594782,
        "R@50": 0.24048380731126637,
        "R@100": 0.2410245625513527
    },
    "on right side of": {
        "R@20": 0.9019386229408489,
        "R@50": 0.9034096600748426,
        "R@100": 0.9034096600748426
    },
    "parking on": {
        "R@20": 0.0009834873741801997,
        "R@50": 0.011471091879457789,
        "R@100": 0.013550623399083687
    },
    "on left side of": {
        "R@20": 0.9085642972640204,
        "R@50": 0.9085642972640204,
        "R@100": 0.9085642972640204
    },
    "same road line as": {
        "R@20": 0.18063756037225753,
        "R@50": 0.20474636444536887,
        "R@100": 0.20474636444536887
    },
    "on right lane of": {
        "R@20": 0.42324574278439575,
        "R@50": 0.4235046138353968,
        "R@100": 0.4235046138353968
    },
    "on opposing side of": {
        "R@20": 0.8350440768817663,
        "R@50": 0.8420343173449226,
        "R@100": 0.8420343173449226
    },
    "on left lane of": {
        "R@20": 0.879463556302337,
        "R@50": 0.879463556302337,
        "R@100": 0.879463556302337
    },
    "driving from right to left": {
        "R@20": 0.6037378235996507,
        "R@50": 0.6100288641891392,
        "R@100": 0.6100288641891392
    },
    "driving from left to right": {
        "R@20": 0.5021207343502802,
        "R@50": 0.5099412901482071,
        "R@100": 0.5099412901482071
    },
    "on middle lane of": {
        "R@20": 0.0,
        "R@50": 0.0,
        "R@100": 0.0
    },
    "infront of": {
        "R@20": 0.6104740046665516,
        "R@50": 0.618906891691156,
        "R@100": 0.6302327595271235
    },
    "behind": {
        "R@20": 0.12375727330746818,
        "R@50": 0.12375727330746818,
        "R@100": 0.12375727330746818
    },
    "riding": {
        "R@20": 0.0,
        "R@50": 0.0,
        "R@100": 0.0
    },
    "turning right on": {
        "R@20": 0.0,
        "R@50": 0.0,
        "R@100": 0.0
    },
    "turning left on": {
        "R@20": 0.9883457191280779,
        "R@50": 0.9883457191280779,
        "R@100": 0.9883457191280779
    },
    "is hitting": {
        "R@20": 0.0,
        "R@50": 0.0,
        "R@100": 0.0
    }
}