{
    "average": {
        "R@20": 0.2815514003076461,
        "R@50": 0.2901689350127194,
        "R@100": 0.2902213215140203
    },
    "on": {
        "R@20": 0.4226787855002723,
        "R@50": 0.4314601943909537,
        "R@100": 0.43191403690693375
    },
    "attached to": {
        "R@20": 0.033849086877054554,
        "R@50": 0.03505772876334557,
        "R@100": 0.03505772876334557
    },
    "on right side of": {
        "R@20": 0.9486904564627358,
        "R@50": 0.9520510293166508,
        "R@100": 0.9525401438240872
    },
    "parking on": {
        "R@20": 0.0009008100519651213,
        "R@50": 0.0009008100519651213,
        "R@100": 0.0009008100519651213
    },
    "on left side of": {
        "R@20": 0.8371933645591261,
        "R@50": 0.8371933645591261,
        "R@100": 0.8371933645591261
    },
    "same road line as": {
        "R@20": 0.018336197349458933,
        "R@50": 0.025446671713710824,
        "R@100": 0.025446671713710824
    },
    "on right lane of": {
        "R@20": 0.05278211720436217,
        "R@50": 0.05278211720436217,
        "R@100": 0.05278211720436217
    },
    "on opposing side of": {
        "R@20": 0.6152179863194379,
        "R@50": 0.6306816342072253,
        "R@100": 0.6306816342072253
    },
    "on left lane of": {
        "R@20": 0.018223997368601898,
        "R@50": 0.018223997368601898,
        "R@100": 0.018223997368601898
    },
    "driving from right to left": {
        "R@20": 0.23444642360956897,
        "R@50": 0.3269733807327956,
        "R@100": 0.3269733807327956
    },
    "driving from left to right": {
        "R@20": 0.8447226926391109,
        "R@50": 0.8525147295553656,
        "R@100": 0.8525147295553656
    },
    "on middle lane of": {
        "R@20": 0.0,
        "R@50": 0.0,
        "R@100": 0.0
    },
    "infront of": {
        "R@20": 0.04088328759593434,
        "R@50": 0.059755172364845656,
        "R@100": 0.059755172364845656
    },
    "behind": {
        "R@20": 0.0,
        "R@50": 0.0,
        "R@100": 0.0
    },
    "riding": {
        "R@20": 0.0,
        "R@50": 0.0,
        "R@100": 0.0
    },
    "turning right on": {
        "R@20": 0.0,
        "R@50": 0.0,
        "R@100": 0.0
    },
    "turning left on": {
        "R@20": 1.0,
        "R@50": 1.0,
        "R@100": 1.0
    },
    "is hitting": {
        "R@20": 0.0,
        "R@50": 0.0,
        "R@100": 0.0
    }
}