{
    "average": {
        "R@20": 0.4025319433173449,
        "R@50": 0.41187943564528556,
        "R@100": 0.4121235431321033
    },
    "on": {
        "R@20": 0.1501922362704162,
        "R@50": 0.17245585640899197,
        "R@100": 0.176825705825943
    },
    "attached to": {
        "R@20": 0.02081491383664665,
        "R@50": 0.021334511134340074,
        "R@100": 0.021358596480108967
    },
    "on right side of": {
        "R@20": 0.8781688881235467,
        "R@50": 0.8788439303392536,
        "R@100": 0.8788439303392536
    },
    "parking on": {
        "R@20": 0.13183778132485227,
        "R@50": 0.24886889518606484,
        "R@100": 0.24886889518606484
    },
    "on left side of": {
        "R@20": 0.8573308113567586,
        "R@50": 0.8573308113567586,
        "R@100": 0.8573308113567586
    },
    "same road line as": {
        "R@20": 0.16107993332577544,
        "R@50": 0.16125345421468915,
        "R@100": 0.16125345421468915
    },
    "on right lane of": {
        "R@20": 0.6779536687645238,
        "R@50": 0.6779536687645238,
        "R@100": 0.6779536687645238
    },
    "on opposing side of": {
        "R@20": 0.6732637193103039,
        "R@50": 0.6766927776615506,
        "R@100": 0.6766927776615506
    },
    "on left lane of": {
        "R@20": 0.7825398806951593,
        "R@50": 0.7825398806951593,
        "R@100": 0.7825398806951593
    },
    "driving from right to left": {
        "R@20": 0.5380129004299419,
        "R@50": 0.5457301942884405,
        "R@100": 0.5457301942884405
    },
    "driving from left to right": {
        "R@20": 0.49345244053752907,
        "R@50": 0.5062426841461526,
        "R@100": 0.5062426841461526
    },
    "on middle lane of": {
        "R@20": 0.9892840359620123,
        "R@50": 0.9892840359620123,
        "R@100": 0.9892840359620123
    },
    "infront of": {
        "R@20": 0.23610534868277702,
        "R@50": 0.23610534868277702,
        "R@100": 0.23610534868277702
    },
    "behind": {
        "R@20": 0.26039281795586244,
        "R@50": 0.26039281795586244,
        "R@100": 0.26039281795586244
    },
    "riding": {
        "R@20": 0.20300461624811675,
        "R@50": 0.2066599879305775,
        "R@100": 0.2066599879305775
    },
    "turning right on": {
        "R@20": 0.0,
        "R@50": 0.0,
        "R@100": 0.0
    },
    "turning left on": {
        "R@20": 0.16590641898675149,
        "R@50": 0.16590641898675149,
        "R@100": 0.16590641898675149
    },
    "is hitting": {
        "R@20": 0.026234567901234566,
        "R@50": 0.026234567901234566,
        "R@100": 0.026234567901234566
    }
}