{
    "average": {
        "R@20": 0.4528512211054707,
        "R@50": 0.4782811312480148,
        "R@100": 0.4796163730916988
    },
    "on": {
        "R@20": 0.8688865611315366,
        "R@50": 0.8893522921643273,
        "R@100": 0.8940428840712541
    },
    "attached to": {
        "R@20": 0.6809617672678837,
        "R@50": 0.6958942022831521,
        "R@100": 0.6974775014822542
    },
    "on right side of": {
        "R@20": 0.9729683189383928,
        "R@50": 0.9744926765054901,
        "R@100": 0.9744926765054901
    },
    "parking on": {
        "R@20": 0.037831882510908126,
        "R@50": 0.16337772212119583,
        "R@100": 0.18113818420147887
    },
    "on left side of": {
        "R@20": 0.7956531391394047,
        "R@50": 0.7956531391394047,
        "R@100": 0.7956531391394047
    },
    "same road line as": {
        "R@20": 0.0,
        "R@50": 0.21200283964703343,
        "R@100": 0.21200283964703343
    },
    "on right lane of": {
        "R@20": 0.1529682843455481,
        "R@50": 0.15722519635668875,
        "R@100": 0.15722519635668875
    },
    "on opposing side of": {
        "R@20": 0.9526430983959636,
        "R@50": 0.9612399807185985,
        "R@100": 0.9612399807185985
    },
    "on left lane of": {
        "R@20": 0.9174295482355477,
        "R@50": 0.9174295482355477,
        "R@100": 0.9174295482355477
    },
    "driving from right to left": {
        "R@20": 0.0,
        "R@50": 0.0,
        "R@100": 0.0
    },
    "driving from left to right": {
        "R@20": 0.784770574490048,
        "R@50": 0.784770574490048,
        "R@100": 0.784770574490048
    },
    "on middle lane of": {
        "R@20": 0.0,
        "R@50": 0.0,
        "R@100": 0.0
    },
    "infront of": {
        "R@20": 0.846308476440944,
        "R@50": 0.878666764697694,
        "R@100": 0.878666764697694
    },
    "behind": {
        "R@20": 0.19635584834238862,
        "R@50": 0.23441094544517765,
        "R@100": 0.23441094544517765
    },
    "riding": {
        "R@20": 0.0,
        "R@50": 0.0,
        "R@100": 0.0
    },
    "turning right on": {
        "R@20": 0.0,
        "R@50": 0.0,
        "R@100": 0.0
    },
    "turning left on": {
        "R@20": 0.944544480659907,
        "R@50": 0.944544480659907,
        "R@100": 0.944544480659907
    },
    "is hitting": {
        "R@20": 0.0,
        "R@50": 0.0,
        "R@100": 0.0
    }
}