{
    "all_classes": {
        "R@20": 0.28463383260143577,
        "R@50": 0.30024924378651147,
        "R@100": 0.3071056676433807
    },
    "on": {
        "R@20": 0.0,
        "R@50": 0.0,
        "R@100": 0.0
    },
    "attached to": {
        "R@20": 0.3201502393375709,
        "R@50": 0.37501992553844105,
        "R@100": 0.38412493110588625
    },
    "on right side of": {
        "R@20": 0.9741729584588056,
        "R@50": 0.9745862092145482,
        "R@100": 0.9767914134115474
    },
    "parking on": {
        "R@20": NaN,
        "R@50": NaN,
        "R@100": NaN
    },
    "on left side of": {
        "R@20": 0.9989319799190459,
        "R@50": 0.9989319799190459,
        "R@100": 1.0
    },
    "same road line as": {
        "R@20": 0.11381814858322885,
        "R@50": 0.2817475131018229,
        "R@100": 0.33013106377303214
    },
    "on right lane of": {
        "R@20": 0.1667202028474661,
        "R@50": 0.24798595674999868,
        "R@100": 0.5120184568082775
    },
    "on opposing side of": {
        "R@20": 0.8360819281972623,
        "R@50": 0.8564425883321864,
        "R@100": 0.8583795079347379
    },
    "on left lane of": {
        "R@20": 0.9318767700902342,
        "R@50": 0.9318767700902342,
        "R@100": 0.9318767700902342
    },
    "driving from right to left": {
        "R@20": 0.0,
        "R@50": 0.11251456954084918,
        "R@100": 0.13454007925331166
    },
    "driving from left to right": {
        "R@20": 0.4981482565880073,
        "R@50": 0.519296258151471,
        "R@100": 0.519296258151471
    },
    "on middle lane of": {
        "R@20": NaN,
        "R@50": NaN,
        "R@100": NaN
    },
    "infront of": {
        "R@20": 0.85361507790032,
        "R@50": 0.85361507790032,
        "R@100": 0.85361507790032
    },
    "behind": {
        "R@20": NaN,
        "R@50": NaN,
        "R@100": NaN
    },
    "riding": {
        "R@20": 0.4274146894950558,
        "R@50": 0.4274146894950558,
        "R@100": 0.4274146894950558
    },
    "next to": {
        "R@20": NaN,
        "R@50": NaN,
        "R@100": NaN
    },
    "turning right on": {
        "R@20": 0.0,
        "R@50": 0.0,
        "R@100": 0.0
    },
    "driving on": {
        "R@20": NaN,
        "R@50": NaN,
        "R@100": NaN
    },
    "turning left on": {
        "R@20": 0.450935220256245,
        "R@50": 0.450935220256245,
        "R@100": 0.450935220256245
    },
    "is hitting": {
        "R@20": NaN,
        "R@50": NaN,
        "R@100": NaN
    }
}