{
    "average": {
        "R@20": 0.4562923118240075,
        "R@50": 0.47965952626909103,
        "R@100": 0.4824601720149212
    },
    "on": {
        "R@20": 0.86014289459267,
        "R@50": 0.8971134118314602,
        "R@100": 0.9081641071110514
    },
    "attached to": {
        "R@20": 0.5541255980674276,
        "R@50": 0.5756301679041637,
        "R@100": 0.576717300216675
    },
    "on right side of": {
        "R@20": 0.9688557931312339,
        "R@50": 0.9813271247116347,
        "R@100": 0.9817410455014028
    },
    "parking on": {
        "R@20": 0.015960275172889726,
        "R@50": 0.023509086519601312,
        "R@100": 0.023509086519601312
    },
    "on left side of": {
        "R@20": 0.9698035700174763,
        "R@50": 0.9698035700174763,
        "R@100": 0.9698035700174763
    },
    "same road line as": {
        "R@20": 0.5883311747879266,
        "R@50": 0.7224585360365613,
        "R@100": 0.7224585360365613
    },
    "on right lane of": {
        "R@20": 0.32318474354745436,
        "R@50": 0.3815044682060993,
        "R@100": 0.38946843938974923
    },
    "on opposing side of": {
        "R@20": 0.7396106490479571,
        "R@50": 0.8572637742718079,
        "R@100": 0.8859828612513787
    },
    "on left lane of": {
        "R@20": 0.2790146004198319,
        "R@50": 0.2790520682013081,
        "R@100": 0.2790520682013081
    },
    "driving from right to left": {
        "R@20": 0.28224912544689096,
        "R@50": 0.2889931129830434,
        "R@100": 0.2901699298628942
    },
    "driving from left to right": {
        "R@20": 0.9103999587436897,
        "R@50": 0.9132572965057549,
        "R@100": 0.9132572965057549
    },
    "on middle lane of": {
        "R@20": 0.0,
        "R@50": 0.0,
        "R@100": 0.0
    },
    "infront of": {
        "R@20": 0.8052824680087645,
        "R@50": 0.8276580938068062,
        "R@100": 0.8276580938068062
    },
    "behind": {
        "R@20": 0.17135503049551665,
        "R@50": 0.17135503049551665,
        "R@100": 0.17135503049551665
    },
    "riding": {
        "R@20": 0.0,
        "R@50": 0.0,
        "R@100": 0.0
    },
    "turning right on": {
        "R@20": 0.0,
        "R@50": 0.0,
        "R@100": 0.0
    },
    "turning left on": {
        "R@20": 0.7449457313524054,
        "R@50": 0.7449457313524054,
        "R@100": 0.7449457313524054
    },
    "is hitting": {
        "R@20": 0.0,
        "R@50": 0.0,
        "R@100": 0.0
    }
}