{
    "N/A": {
        "R@20": NaN,
        "R@50": NaN,
        "R@100": NaN
    },
    "on": {
        "R@20": 0.21147964444750572,
        "R@50": 0.31405378334845624,
        "R@100": 0.38236518796777064
    },
    "attached to": {
        "R@20": 0.1967471900806884,
        "R@50": 0.3765470125389474,
        "R@100": 0.37831676681276305
    },
    "on right side of": {
        "R@20": 0.9510953289673076,
        "R@50": 0.9551740024269018,
        "R@100": 0.9601856399382772
    },
    "parking on": {
        "R@20": 0.015960275172889726,
        "R@50": 0.023509086519601312,
        "R@100": 0.023509086519601312
    },
    "on left side of": {
        "R@20": NaN,
        "R@50": NaN,
        "R@100": NaN
    },
    "same road line as": {
        "R@20": 0.32922890986713405,
        "R@50": 0.465301691097251,
        "R@100": 0.7186509045011835
    },
    "on right lane of": {
        "R@20": 0.7193227322008718,
        "R@50": 0.7301517107490663,
        "R@100": 0.7301517107490663
    },
    "on opposing side of": {
        "R@20": 0.965430470347586,
        "R@50": 0.9690459731684922,
        "R@100": 0.9709636632478243
    },
    "on left lane of": {
        "R@20": NaN,
        "R@50": NaN,
        "R@100": NaN
    },
    "driving from right to left": {
        "R@20": 0.050939999867328375,
        "R@50": 0.054791474300210065,
        "R@100": 0.054791474300210065
    },
    "driving from left to right": {
        "R@20": NaN,
        "R@50": NaN,
        "R@100": NaN
    },
    "on middle lane of": {
        "R@20": 0.0,
        "R@50": 0.0,
        "R@100": 0.0
    },
    "infront of": {
        "R@20": 0.5404262320677738,
        "R@50": 0.5576352618334696,
        "R@100": 0.5576352618334696
    },
    "behind": {
        "R@20": 0.020756258199015023,
        "R@50": 0.020756258199015023,
        "R@100": 0.020756258199015023
    },
    "riding": {
        "R@20": 0.0,
        "R@50": 0.0,
        "R@100": 0.0
    },
    "next to": {
        "R@20": NaN,
        "R@50": NaN,
        "R@100": NaN
    },
    "turning right on": {
        "R@20": 0.0,
        "R@50": 0.0,
        "R@100": 0.0
    },
    "driving on": {
        "R@20": NaN,
        "R@50": NaN,
        "R@100": NaN
    },
    "turning left on": {
        "R@20": NaN,
        "R@50": NaN,
        "R@100": NaN
    },
    "is hitting": {
        "R@20": 0.0,
        "R@50": 0.0,
        "R@100": 0.0
    }
}