{
    "average": {
        "R@20": 0.44639367651961037,
        "R@50": 0.46253163244381906,
        "R@100": 0.4651223218121593
    },
    "on": {
        "R@20": 0.6375502628047384,
        "R@50": 0.6844966006397516,
        "R@100": 0.7083419072784389
    },
    "attached to": {
        "R@20": 0.2836926805472673,
        "R@50": 0.31270567909987296,
        "R@100": 0.3158355537642142
    },
    "on right side of": {
        "R@20": 0.9635729212286601,
        "R@50": 0.9641221047920211,
        "R@100": 0.9641221047920211
    },
    "parking on": {
        "R@20": 0.08395415972935182,
        "R@50": 0.153583029001343,
        "R@100": 0.17324025632843862
    },
    "on left side of": {
        "R@20": 0.9240698096861114,
        "R@50": 0.9240698096861114,
        "R@100": 0.9240698096861114
    },
    "same road line as": {
        "R@20": 0.0,
        "R@50": 0.0,
        "R@100": 0.0
    },
    "on right lane of": {
        "R@20": 0.2817322501181818,
        "R@50": 0.2857898268576783,
        "R@100": 0.2857898268576783
    },
    "on opposing side of": {
        "R@20": 0.8834747465530525,
        "R@50": 0.9347332363736292,
        "R@100": 0.9347332363736292
    },
    "on left lane of": {
        "R@20": 0.6911971360175923,
        "R@50": 0.6911971360175923,
        "R@100": 0.6911971360175923
    },
    "driving from right to left": {
        "R@20": 0.0,
        "R@50": 0.0,
        "R@100": 0.0
    },
    "driving from left to right": {
        "R@20": 0.5179979422013191,
        "R@50": 0.5356301868702068,
        "R@100": 0.5356301868702068
    },
    "on middle lane of": {
        "R@20": 1.0,
        "R@50": 1.0,
        "R@100": 1.0
    },
    "infront of": {
        "R@20": 0.0,
        "R@50": 0.07139750618382354,
        "R@100": 0.07139750618382354
    },
    "behind": {
        "R@20": 0.9579830358387611,
        "R@50": 0.9579830358387611,
        "R@100": 0.9579830358387611
    },
    "riding": {
        "R@20": 0.0,
        "R@50": 0.0,
        "R@100": 0.0
    },
    "turning right on": {
        "R@20": 0.0,
        "R@50": 0.0,
        "R@100": 0.0
    },
    "turning left on": {
        "R@20": 0.8098612326279508,
        "R@50": 0.8098612326279508,
        "R@100": 0.8098612326279508
    },
    "is hitting": {
        "R@20": 0.0,
        "R@50": 0.0,
        "R@100": 0.0
    }
}