{
    "all_classes": {
        "R@20": 0.28183785755716484,
        "R@50": 0.3005564067723519,
        "R@100": 0.3082346446181337
    },
    "on": {
        "R@20": 0.0,
        "R@50": 0.0,
        "R@100": 0.0
    },
    "attached to": {
        "R@20": 0.30389555603954277,
        "R@50": 0.3564353925892832,
        "R@100": 0.36599740315945234
    },
    "on right side of": {
        "R@20": 0.972246898913047,
        "R@50": 0.9726921212116059,
        "R@100": 0.9756029949341963
    },
    "parking on": {
        "R@20": 0.9553569967662288,
        "R@50": 0.9553569967662288,
        "R@100": 0.9851189989220761
    },
    "on left side of": {
        "R@20": 0.995310498632651,
        "R@50": 0.995310498632651,
        "R@100": 1.0
    },
    "same road line as": {
        "R@20": 0.0467388374301937,
        "R@50": 0.34928568604017485,
        "R@100": 0.48799522844449966
    },
    "on right lane of": {
        "R@20": 0.1565449600881105,
        "R@50": 0.22449458150124005,
        "R@100": 0.5215247229894181
    },
    "on opposing side of": {
        "R@20": 0.8573109862641962,
        "R@50": 0.8919431515252733,
        "R@100": 0.8928306941517586
    },
    "on left lane of": {
        "R@20": 0.9138046240804492,
        "R@50": 0.9138046240804492,
        "R@100": 0.9138046240804492
    },
    "driving from right to left": {
        "R@20": 0.5660775018891031,
        "R@50": 0.6079172492409991,
        "R@100": 0.6260492371547167
    },
    "driving from left to right": {
        "R@20": 0.6134006416016513,
        "R@50": 0.684424206105788,
        "R@100": 0.684424206105788
    },
    "on middle lane of": {
        "R@20": NaN,
        "R@50": NaN,
        "R@100": NaN
    },
    "infront of": {
        "R@20": 0.8760647784829748,
        "R@50": 0.8760647784829748,
        "R@100": 0.8760647784829748
    },
    "behind": {
        "R@20": NaN,
        "R@50": NaN,
        "R@100": NaN
    },
    "riding": {
        "R@20": 0.4085306544514373,
        "R@50": 0.4085306544514373,
        "R@100": 0.4085306544514373
    },
    "next to": {
        "R@20": NaN,
        "R@50": NaN,
        "R@100": NaN
    },
    "turning right on": {
        "R@20": 0.0,
        "R@50": 0.0,
        "R@100": 0.0
    },
    "driving on": {
        "R@20": NaN,
        "R@50": NaN,
        "R@100": NaN
    },
    "turning left on": {
        "R@20": 0.39985120956187664,
        "R@50": 0.39985120956187664,
        "R@100": 0.39985120956187664
    },
    "is hitting": {
        "R@20": NaN,
        "R@50": NaN,
        "R@100": NaN
    }
}