{
    "all_classes": {
        "R@20": 0.4308900156742185,
        "R@50": 0.43809566862138916,
        "R@100": 0.4386035080471464
    },
    "on": {
        "R@20": 0.9491484545994608,
        "R@50": 0.9825382896065037,
        "R@100": 0.9887438249591185
    },
    "attached to": {
        "R@20": 0.9861863902980275,
        "R@50": 1.0,
        "R@100": 1.0
    },
    "on right side of": {
        "R@20": 0.977809063649837,
        "R@50": 0.9798692068132161,
        "R@100": 0.9936747300002131
    },
    "parking on": {
        "R@20": 0.0,
        "R@50": 0.0,
        "R@100": 0.0
    },
    "on left side of": {
        "R@20": 1.0,
        "R@50": 1.0,
        "R@100": 1.0
    },
    "same road line as": {
        "R@20": 0.4921610735034423,
        "R@50": 1.0,
        "R@100": 1.0
    },
    "on right lane of": {
        "R@20": 0.26653101718471983,
        "R@50": 0.29163486516186854,
        "R@100": 0.29163486516186854
    },
    "on opposing side of": {
        "R@20": 0.8022721365428561,
        "R@50": 0.8034207975207848,
        "R@100": 0.8034207975207848
    },
    "on left lane of": {
        "R@20": 0.3011555843657643,
        "R@50": 0.39092829642564936,
        "R@100": 0.39092829642564936
    },
    "driving from right to left": {
        "R@20": 0.0035145691353765376,
        "R@50": 0.6060218605377632,
        "R@100": 0.6060218605377632
    },
    "driving from left to right": {
        "R@20": 0.7815234361734659,
        "R@50": 0.815925159377206,
        "R@100": 0.815925159377206
    },
    "on middle lane of": {
        "R@20": NaN,
        "R@50": NaN,
        "R@100": NaN
    },
    "infront of": {
        "R@20": 0.9249284671527805,
        "R@50": 1.0,
        "R@100": 1.0
    },
    "behind": {
        "R@20": NaN,
        "R@50": NaN,
        "R@100": NaN
    },
    "riding": {
        "R@20": 1.0,
        "R@50": 1.0,
        "R@100": 1.0
    },
    "next to": {
        "R@20": NaN,
        "R@50": NaN,
        "R@100": NaN
    },
    "turning right on": {
        "R@20": 0.0,
        "R@50": 0.0,
        "R@100": 0.0
    },
    "driving on": {
        "R@20": NaN,
        "R@50": NaN,
        "R@100": NaN
    },
    "turning left on": {
        "R@20": 1.0,
        "R@50": 1.0,
        "R@100": 1.0
    },
    "is hitting": {
        "R@20": NaN,
        "R@50": NaN,
        "R@100": NaN
    }
}