{
    "average": {
        "R@20": 0.3756096756206136,
        "R@50": 0.37782371626604255,
        "R@100": 0.3779133723399118
    },
    "on": {
        "R@20": 0.11492247829498894,
        "R@50": 0.1266523132997799,
        "R@100": 0.1280992041384695
    },
    "attached to": {
        "R@20": 0.00988506212950362,
        "R@50": 0.010072864682251974,
        "R@100": 0.01023978317320855
    },
    "on right side of": {
        "R@20": 0.8790519068112479,
        "R@50": 0.8790519068112479,
        "R@100": 0.8790519068112479
    },
    "parking on": {
        "R@20": 0.0,
        "R@50": 0.0,
        "R@100": 0.0
    },
    "on left side of": {
        "R@20": 0.8590980473950829,
        "R@50": 0.8590980473950829,
        "R@100": 0.8590980473950829
    },
    "same road line as": {
        "R@20": 0.12319742057463738,
        "R@50": 0.12319742057463738,
        "R@100": 0.12319742057463738
    },
    "on right lane of": {
        "R@20": 0.3872403959698782,
        "R@50": 0.3886431452107351,
        "R@100": 0.3886431452107351
    },
    "on opposing side of": {
        "R@20": 0.7383610561598679,
        "R@50": 0.7421105599673155,
        "R@100": 0.7421105599673155
    },
    "on left lane of": {
        "R@20": 0.6695428248811804,
        "R@50": 0.6695428248811804,
        "R@100": 0.6695428248811804
    },
    "driving from right to left": {
        "R@20": 0.41577993252895723,
        "R@50": 0.41577993252895723,
        "R@100": 0.41577993252895723
    },
    "driving from left to right": {
        "R@20": 0.34452994257948555,
        "R@50": 0.34452994257948555,
        "R@100": 0.34452994257948555
    },
    "on middle lane of": {
        "R@20": 0.9771287057059923,
        "R@50": 0.9771287057059923,
        "R@100": 0.9771287057059923
    },
    "infront of": {
        "R@20": 0.008641150278288018,
        "R@50": 0.008641150278288018,
        "R@100": 0.008641150278288018
    },
    "behind": {
        "R@20": 0.3851159170266137,
        "R@50": 0.4078987580384908,
        "R@100": 0.4078987580384908
    },
    "riding": {
        "R@20": 0.0,
        "R@50": 0.0,
        "R@100": 0.0
    },
    "turning right on": {
        "R@20": 0.03384341840955962,
        "R@50": 0.03384341840955962,
        "R@100": 0.03384341840955962
    },
    "turning left on": {
        "R@20": 0.8146359024257614,
        "R@50": 0.8146359024257614,
        "R@100": 0.8146359024257614
    },
    "is hitting": {
        "R@20": 0.0,
        "R@50": 0.0,
        "R@100": 0.0
    }
}