{
    "precision": 0.5873083474047469,
    "recall": 0.015241947962866447,
    "f1": 0.029712734295389214
}